transaction_id,client_id,category_id,type,amount,transaction_date,status
1001,6,2,списание,7030,2026-01-14 20:15:36,выполнена
1002,2,3,списание,5535,2026-01-07 07:49:38,выполнена
1003,13,4,списание,6121,2026-01-24 12:15:06,выполнена
1004,12,4,списание,11597,2026-01-20 22:33:42,выполнена
1005,12,3,списание,7609,2026-01-18 17:03:35,выполнена
1006,3,7,перевод,552,2026-01-24 17:42:28,выполнена
1007,3,2,списание,5467,2026-01-21 07:43:43,выполнена
1008,14,6,списание,10208,2026-01-07 07:00:48,в обработке
1009,13,1,списание,10420,2026-01-14 03:06:10,выполнена
1010,13,3,списание,9349,2026-01-02 21:52:13,выполнена
1011,12,3,списание,511,2026-01-22 23:14:14,выполнена
1012,8,4,списание,9669,2026-01-27 00:50:43,выполнена
1013,11,3,списание,9270,2026-01-02 12:53:00,выполнена
1014,6,5,списание,11191,2026-01-26 04:48:28,выполнена
1015,8,4,списание,8403,2026-01-28 14:26:17,выполнена
1016,14,7,перевод,7061,2026-01-05 17:50:56,в обработке
1017,14,8,пополнение,76359,2026-01-26 02:09:05,выполнена
1018,3,2,списание,11793,2026-01-30 05:44:18,выполнена
1019,7,8,пополнение,55485,2026-01-01 09:37:01,в обработке
1020,10,8,пополнение,71205,2026-01-25 13:12:24,в обработке
1021,8,7,перевод,11067,2026-01-26 17:07:14,выполнена
1022,2,3,списание,11996,2026-01-22 23:18:25,выполнена
1023,4,3,списание,11216,2026-01-06 23:19:52,выполнена
1024,1,7,перевод,7950,2026-01-10 04:08:37,выполнена
1025,12,6,списание,11171,2026-01-20 01:20:24,в обработке
1026,6,5,списание,3383,2026-01-11 01:04:12,выполнена
1027,6,8,пополнение,64333,2026-01-10 16:39:17,выполнена
1028,2,3,списание,5810,2026-01-10 16:01:34,
1029,1,4,списание,11284,2026-01-27 19:41:46,выполнена
1030,6,5,списание,7133,2026-01-07 19:54:12,выполнена
1031,5,4,списание,5958,2026-01-29 19:56:26,выполнена
1032,9,4,списание,1100,2026-01-17 22:02:21,выполнена
1033,8,6,списание,11914,2026-01-13 14:01:07,в обработке
1034,9,2,списание,2819,2026-01-25 01:59:13,
1035,2,2,списание,5497,2026-01-29 22:04:38,выполнена
1036,11,4,списание,7973,2026-01-15 08:04:57,выполнена
1037,6,4,списание,2609,2026-01-25 20:46:46,выполнена
1038,6,8,пополнение,78992,2026-01-11 00:35:49,
1039,4,1,списание,6255,2026-01-14 03:22:57,выполнена
1040,11,6,списание,6939,2026-01-23 19:21:07,
1041,3,8,пополнение,42541,2026-01-20 20:24:52,выполнена
1042,8,1,списание,6730,2026-01-15 15:15:18,отклонена
1043,1,4,списание,10345,2026-01-12 23:16:22,выполнена
1044,7,6,списание,8865,2026-01-09 16:26:13,выполнена
1045,13,2,списание,2908,2026-01-26 11:00:56,выполнена
1046,2,6,списание,10859,2026-01-28 12:40:05,выполнена
1047,8,4,списание,9689,2026-01-15 21:29:26,выполнена
1048,5,4,списание,3097,2026-01-28 17:24:07,выполнена
1049,6,6,списание,7645,2026-01-27 17:32:03,выполнена
1050,7,1,списание,6469,2026-01-16 03:36:24,выполнена
1051,14,6,списание,4773,2026-01-18 19:26:07,выполнена
1052,8,5,списание,5508,2026-01-13 13:26:54,выполнена
1053,6,4,списание,3898,2026-01-05 14:23:43,выполнена
1054,3,3,списание,10779,2026-01-06 23:32:50,
1055,9,2,списание,8120,2026-01-23 17:14:35,выполнена
1056,1,5,списание,4829,2026-01-20 05:42:02,выполнена
1057,4,7,перевод,3855,2026-01-30 00:25:04,выполнена
1058,11,4,списание,9922,2026-01-17 15:10:01,выполнена
1059,2,1,списание,8609,2026-01-25 05:33:46,выполнена
1060,13,4,списание,10900,2026-01-02 00:11:32,в обработке
1061,12,2,списание,2751,2026-01-27 21:14:39,выполнена
1062,4,8,пополнение,71429,2026-01-29 16:31:32,отклонена
1063,7,2,списание,3025,2026-01-02 11:15:38,в обработке
1064,3,8,пополнение,73549,2026-01-03 16:53:54,выполнена
1065,14,1,списание,11773,2026-01-04 12:38:15,
1066,10,2,списание,9468,2026-01-09 18:27:01,выполнена
1067,2,4,списание,1155,2026-01-14 06:21:16,выполнена
1068,9,2,списание,9221,2026-01-16 15:18:40,выполнена
1069,9,2,списание,5981,2026-01-30 21:40:05,в обработке
1070,5,8,пополнение,64073,2026-01-03 00:46:56,выполнена
1071,11,3,списание,1682,2026-01-25 12:12:17,выполнена
1072,10,5,списание,1390,2026-01-29 01:53:34,выполнена
1073,1,7,перевод,11675,2026-01-26 23:07:46,в обработке
1074,1,6,списание,2863,2026-01-22 19:42:59,выполнена
1075,2,8,пополнение,65678,2026-01-09 11:09:17,в обработке
1076,11,5,списание,5506,2026-01-20 17:27:57,выполнена
1077,13,5,списание,2601,2026-01-01 08:42:04,выполнена
1078,6,1,списание,4934,2026-01-21 10:29:18,выполнена
1079,14,4,списание,8116,2026-01-30 19:24:21,выполнена
1080,8,5,списание,1844,2026-01-28 23:25:00,выполнена
1081,5,7,перевод,14900,2026-01-12 10:50:42,выполнена
1082,12,1,списание,6855,2026-01-27 23:47:11,выполнена
1083,13,8,пополнение,55588,2026-01-09 14:48:48,
1084,14,1,списание,6808,2026-01-03 08:05:32,выполнена
1085,14,1,списание,4666,2026-01-24 08:56:23,выполнена
1086,4,1,списание,1526,2026-01-06 16:04:54,выполнена
1087,6,2,списание,11031,2026-01-19 09:07:15,выполнена
1088,4,5,списание,2425,2026-01-04 21:45:16,отклонена
1089,8,5,списание,8170,2026-01-20 02:57:05,в обработке
1090,4,1,списание,9735,2026-01-09 17:19:56,выполнена
